function_name,input_id,metric,n,mean,std,ci_lo,ci_hi
simplejson_3_20_2,fd5cb3ef5d23b24bb2f54aaa340ebc9c58be8697,runtime_ns,3,44390222.333333336,631711.4424690544,42820964.11615176,45959480.550514914
simplejson_3_20_2,fd5cb3ef5d23b24bb2f54aaa340ebc9c58be8697,memory_peak,3,13740.0,0.0,13740.0,13740.0
simplejson_4_0_0,fd5cb3ef5d23b24bb2f54aaa340ebc9c58be8697,runtime_ns,3,41902653.0,533121.196551966,40578306.5307118,43226999.4692882
simplejson_4_0_0,fd5cb3ef5d23b24bb2f54aaa340ebc9c58be8697,memory_peak,3,13740.0,0.0,13740.0,13740.0
simplejson_3_20_2,b7e4d7a6216bd86e8de38393defe47002c8c78d4,runtime_ns,3,33446680.333333332,406788.32356071053,32436162.118076477,34457198.54859019
simplejson_3_20_2,b7e4d7a6216bd86e8de38393defe47002c8c78d4,memory_peak,3,7722.0,0.0,7722.0,7722.0
simplejson_4_0_0,b7e4d7a6216bd86e8de38393defe47002c8c78d4,runtime_ns,3,31498222.0,151165.02155260654,31122707.269263618,31873736.730736382
simplejson_4_0_0,b7e4d7a6216bd86e8de38393defe47002c8c78d4,memory_peak,3,7722.0,0.0,7722.0,7722.0
simplejson_3_20_2,960d1b899a3db643b5e7a74cedd103bdbe2c953e,runtime_ns,3,44949042.0,441524.19371875876,43852235.09973307,46045848.90026693
simplejson_3_20_2,960d1b899a3db643b5e7a74cedd103bdbe2c953e,memory_peak,3,13752.0,0.0,13752.0,13752.0
simplejson_4_0_0,960d1b899a3db643b5e7a74cedd103bdbe2c953e,runtime_ns,3,43214235.666666664,369838.50671115,42295505.88488807,44132965.44844526
simplejson_4_0_0,960d1b899a3db643b5e7a74cedd103bdbe2c953e,memory_peak,3,13752.0,0.0,13752.0,13752.0
simplejson_3_20_2,6d5abff2ee4f9b38619b18c5430d839637c1ebe4,runtime_ns,3,24309013.666666668,53117.735233472944,24177061.89741043,24440965.435922906
simplejson_3_20_2,6d5abff2ee4f9b38619b18c5430d839637c1ebe4,memory_peak,3,6673.0,0.0,6673.0,6673.0
simplejson_4_0_0,6d5abff2ee4f9b38619b18c5430d839637c1ebe4,runtime_ns,4,23096124.75,444336.1711275034,22389086.746945683,23803162.753054317
simplejson_4_0_0,6d5abff2ee4f9b38619b18c5430d839637c1ebe4,memory_peak,4,6673.0,0.0,6673.0,6673.0
simplejson_3_20_2,ff03299867d541f7eec9635f12b27de3ae8ee73c,runtime_ns,3,31648611.0,429948.8463329097,30580558.85670087,32716663.14329913
simplejson_3_20_2,ff03299867d541f7eec9635f12b27de3ae8ee73c,memory_peak,3,7306.0,0.0,7306.0,7306.0
simplejson_4_0_0,ff03299867d541f7eec9635f12b27de3ae8ee73c,runtime_ns,4,30408468.5,583122.4739426529,29480590.518636655,31336346.481363345
simplejson_4_0_0,ff03299867d541f7eec9635f12b27de3ae8ee73c,memory_peak,4,7306.0,0.0,7306.0,7306.0
simplejson_3_20_2,17bed0ca2bc5b2c4c2a217dce77d0acce6f4780d,runtime_ns,3,42967041.666666664,125139.56791652004,42656177.746773094,43277905.586560234
simplejson_3_20_2,17bed0ca2bc5b2c4c2a217dce77d0acce6f4780d,memory_peak,3,13512.0,0.0,13512.0,13512.0
simplejson_4_0_0,17bed0ca2bc5b2c4c2a217dce77d0acce6f4780d,runtime_ns,3,40620555.666666664,613528.2017123038,39096467.12357077,42144644.20976256
simplejson_4_0_0,17bed0ca2bc5b2c4c2a217dce77d0acce6f4780d,memory_peak,3,13512.0,0.0,13512.0,13512.0
simplejson_3_20_2,3ecd6497a76e88c13188ef128f7975e688a2f2cb,runtime_ns,3,31316027.666666668,294949.81892744626,30583331.698395066,32048723.63493827
simplejson_3_20_2,3ecd6497a76e88c13188ef128f7975e688a2f2cb,memory_peak,3,7085.0,0.0,7085.0,7085.0
simplejson_4_0_0,3ecd6497a76e88c13188ef128f7975e688a2f2cb,runtime_ns,3,29920041.666666668,488760.5305487886,28705893.200715322,31134190.132618014
simplejson_4_0_0,3ecd6497a76e88c13188ef128f7975e688a2f2cb,memory_peak,3,7085.0,0.0,7085.0,7085.0
simplejson_3_20_2,e2405bd890dbc9860547dd7e8ddb38d63db55625,runtime_ns,3,24228361.0,396230.37817411224,23244070.175036594,25212651.824963406
simplejson_3_20_2,e2405bd890dbc9860547dd7e8ddb38d63db55625,memory_peak,3,6614.0,0.0,6614.0,6614.0
simplejson_4_0_0,e2405bd890dbc9860547dd7e8ddb38d63db55625,runtime_ns,3,22826347.0,197756.14930514802,22335093.491780553,23317600.508219447
simplejson_4_0_0,e2405bd890dbc9860547dd7e8ddb38d63db55625,memory_peak,3,6614.0,0.0,6614.0,6614.0
simplejson_3_20_2,10d7352f6fffc3b748115bd72c922a522f04282f,runtime_ns,3,28295166.666666668,384882.00590873737,27339066.76121466,29251266.572118677
simplejson_3_20_2,10d7352f6fffc3b748115bd72c922a522f04282f,memory_peak,3,7212.0,0.0,7212.0,7212.0
simplejson_4_0_0,10d7352f6fffc3b748115bd72c922a522f04282f,runtime_ns,3,26762403.0,354726.0922049575,25881214.53701184,27643591.46298816
simplejson_4_0_0,10d7352f6fffc3b748115bd72c922a522f04282f,memory_peak,3,7212.0,0.0,7212.0,7212.0
simplejson_3_20_2,4361d72c0b6e7af2f526edf0d66e705a1e08acfe,runtime_ns,3,20095708.0,129375.14015064873,19774322.33538879,20417093.66461121
simplejson_3_20_2,4361d72c0b6e7af2f526edf0d66e705a1e08acfe,memory_peak,3,4645.0,0.0,4645.0,4645.0
simplejson_4_0_0,4361d72c0b6e7af2f526edf0d66e705a1e08acfe,runtime_ns,3,19108722.666666668,199003.44700867202,18614370.699184116,19603074.63414922
simplejson_4_0_0,4361d72c0b6e7af2f526edf0d66e705a1e08acfe,memory_peak,3,4649.0,0.0,4649.0,4649.0
simplejson_3_20_2,24106c39459614f81c768f17d966a1e9a34a033c,runtime_ns,3,33681264.0,243819.00736406914,33075584.008965384,34286943.99103461
simplejson_3_20_2,24106c39459614f81c768f17d966a1e9a34a033c,memory_peak,3,8178.0,0.0,8178.0,8178.0
simplejson_4_0_0,24106c39459614f81c768f17d966a1e9a34a033c,runtime_ns,3,32404583.333333332,282473.17566865234,31702881.065096956,33106285.60156971
simplejson_4_0_0,24106c39459614f81c768f17d966a1e9a34a033c,memory_peak,3,8178.0,0.0,8178.0,8178.0
simplejson_3_20_2,ba2ea8af256471b30c19208eadb8b8b9efb5d3e5,runtime_ns,3,18932611.333333332,217693.55938183685,18391830.55286775,19473392.113798913
simplejson_3_20_2,ba2ea8af256471b30c19208eadb8b8b9efb5d3e5,memory_peak,3,4104.0,0.0,4104.0,4104.0
simplejson_4_0_0,ba2ea8af256471b30c19208eadb8b8b9efb5d3e5,runtime_ns,3,17776416.666666668,77594.01457157203,17583662.44886332,17969170.884470016
simplejson_4_0_0,ba2ea8af256471b30c19208eadb8b8b9efb5d3e5,memory_peak,3,4108.0,0.0,4108.0,4108.0
simplejson_3_20_2,a46704092e7f4081ba6235a4d7db8da7559686c1,runtime_ns,3,23318291.666666668,194485.1272522743,22835163.82768473,23801419.505648606
simplejson_3_20_2,a46704092e7f4081ba6235a4d7db8da7559686c1,memory_peak,3,6794.0,0.0,6794.0,6794.0
simplejson_4_0_0,a46704092e7f4081ba6235a4d7db8da7559686c1,runtime_ns,3,22111083.666666668,312238.391253115,21335440.50389855,22886726.829434786
simplejson_4_0_0,a46704092e7f4081ba6235a4d7db8da7559686c1,memory_peak,3,6794.0,0.0,6794.0,6794.0
simplejson_3_20_2,7c37a973dc40595d82e81e1326e44fa5174cb4a1,runtime_ns,3,45288930.666666664,170217.94576463825,44866085.84837605,45711775.48495728
simplejson_3_20_2,7c37a973dc40595d82e81e1326e44fa5174cb4a1,memory_peak,3,13297.0,0.0,13297.0,13297.0
simplejson_4_0_0,7c37a973dc40595d82e81e1326e44fa5174cb4a1,runtime_ns,3,42550499.666666664,152280.64825621585,42172213.56556361,42928785.76776972
simplejson_4_0_0,7c37a973dc40595d82e81e1326e44fa5174cb4a1,memory_peak,3,13297.0,0.0,13297.0,13297.0
simplejson_3_20_2,47b244f4f313ebd1fceea9a27723e868da19f9fd,runtime_ns,3,22521708.333333332,282548.6398645963,21819818.601641927,23223598.065024737
simplejson_3_20_2,47b244f4f313ebd1fceea9a27723e868da19f9fd,memory_peak,3,6632.0,0.0,6632.0,6632.0
simplejson_4_0_0,47b244f4f313ebd1fceea9a27723e868da19f9fd,runtime_ns,3,21591638.666666668,323325.13403126167,20788454.50806288,22394822.825270455
simplejson_4_0_0,47b244f4f313ebd1fceea9a27723e868da19f9fd,memory_peak,3,6632.0,0.0,6632.0,6632.0
simplejson_3_20_2,73add586aaa13d712d367b8e6c3d5568b0a73c14,runtime_ns,3,21240694.333333332,303427.35258432676,20486939.004002042,21994449.662664622
simplejson_3_20_2,73add586aaa13d712d367b8e6c3d5568b0a73c14,memory_peak,3,6558.0,0.0,6558.0,6558.0
simplejson_4_0_0,73add586aaa13d712d367b8e6c3d5568b0a73c14,runtime_ns,3,20279736.0,354130.6582152977,19400026.677040413,21159445.322959587
simplejson_4_0_0,73add586aaa13d712d367b8e6c3d5568b0a73c14,memory_peak,3,6558.0,0.0,6558.0,6558.0
simplejson_3_20_2,2709c80cd76db680d0fee8ba7f04fac569c3b380,runtime_ns,3,43586180.666666664,92174.1194497313,43357207.460494205,43815153.87283912
simplejson_3_20_2,2709c80cd76db680d0fee8ba7f04fac569c3b380,memory_peak,3,13690.0,0.0,13690.0,13690.0
simplejson_4_0_0,2709c80cd76db680d0fee8ba7f04fac569c3b380,runtime_ns,3,41492277.666666664,480601.0694134308,40298398.425829224,42686156.907504104
simplejson_4_0_0,2709c80cd76db680d0fee8ba7f04fac569c3b380,memory_peak,3,13690.0,0.0,13690.0,13690.0
simplejson_3_20_2,092d9f1499d0fb0241c3188703b519926240573b,runtime_ns,3,31463611.0,465177.8122299042,30308045.25397018,32619176.74602982
simplejson_3_20_2,092d9f1499d0fb0241c3188703b519926240573b,memory_peak,3,7453.0,0.0,7453.0,7453.0
simplejson_4_0_0,092d9f1499d0fb0241c3188703b519926240573b,runtime_ns,3,29833749.666666668,397151.2907222301,28847171.168113258,30820328.165220078
simplejson_4_0_0,092d9f1499d0fb0241c3188703b519926240573b,memory_peak,3,7453.0,0.0,7453.0,7453.0
simplejson_3_20_2,d6a3bf8cb1f4d54464ff336c975a101f59c71dcf,runtime_ns,3,14946181.0,276163.1623279977,14260153.673864793,15632208.326135207
simplejson_3_20_2,d6a3bf8cb1f4d54464ff336c975a101f59c71dcf,memory_peak,3,4033.0,0.0,4033.0,4033.0
simplejson_4_0_0,d6a3bf8cb1f4d54464ff336c975a101f59c71dcf,runtime_ns,3,14270333.333333334,55224.871736685214,14133147.14682566,14407519.519841008
simplejson_4_0_0,d6a3bf8cb1f4d54464ff336c975a101f59c71dcf,memory_peak,3,4037.0,0.0,4037.0,4037.0
simplejson_3_20_2,be9276dbc3a1d5a7031b29367d43de929a307e4d,runtime_ns,3,33218666.333333332,204343.73858851983,32711048.34614554,33726284.32052112
simplejson_3_20_2,be9276dbc3a1d5a7031b29367d43de929a307e4d,memory_peak,3,7477.0,0.0,7477.0,7477.0
simplejson_4_0_0,be9276dbc3a1d5a7031b29367d43de929a307e4d,runtime_ns,3,31268972.333333332,56830.45463774976,31127797.657791782,31410147.008874882
simplejson_4_0_0,be9276dbc3a1d5a7031b29367d43de929a307e4d,memory_peak,3,7477.0,0.0,7477.0,7477.0
simplejson_3_20_2,a70400512d056843a2aebcf6bdbef874329e7ef8,runtime_ns,3,129709083.66666667,1764799.3569384406,125325079.03042316,134093088.30291018
simplejson_3_20_2,a70400512d056843a2aebcf6bdbef874329e7ef8,memory_peak,3,29595.0,0.0,29595.0,29595.0
simplejson_4_0_0,a70400512d056843a2aebcf6bdbef874329e7ef8,runtime_ns,3,122543791.33333333,980574.851794769,120107908.36479595,124979674.3018707
simplejson_4_0_0,a70400512d056843a2aebcf6bdbef874329e7ef8,memory_peak,3,29595.0,0.0,29595.0,29595.0
simplejson_3_20_2,be2345d0a1f8865436ea08ac2d970ed851b1b8bb,runtime_ns,3,231993847.33333334,1218636.144649556,228966587.32950735,235021107.33715934
simplejson_3_20_2,be2345d0a1f8865436ea08ac2d970ed851b1b8bb,memory_peak,3,56270.0,0.0,56270.0,56270.0
simplejson_4_0_0,be2345d0a1f8865436ea08ac2d970ed851b1b8bb,runtime_ns,3,221077889.33333334,2154078.2117440244,215726862.4134803,226428916.25318637
simplejson_4_0_0,be2345d0a1f8865436ea08ac2d970ed851b1b8bb,memory_peak,3,56270.0,0.0,56270.0,56270.0
simplejson_3_20_2,ff7c4f086a9a4b97cb3eaa4dae1890e81d854ee9,runtime_ns,3,97283388.66666667,675077.9859100231,95606401.98349513,98960375.34983821
simplejson_3_20_2,ff7c4f086a9a4b97cb3eaa4dae1890e81d854ee9,memory_peak,3,26997.0,0.0,26997.0,26997.0
simplejson_4_0_0,ff7c4f086a9a4b97cb3eaa4dae1890e81d854ee9,runtime_ns,3,90970277.66666667,358450.8583116148,90079836.37172551,91860718.96160783
simplejson_4_0_0,ff7c4f086a9a4b97cb3eaa4dae1890e81d854ee9,memory_peak,3,26997.0,0.0,26997.0,26997.0
simplejson_3_20_2,84456bd79b5a04aca232567dbe04585702361b63,runtime_ns,3,93126111.33333333,486030.66486111074,91918744.22968476,94333478.4369819
simplejson_3_20_2,84456bd79b5a04aca232567dbe04585702361b63,memory_peak,3,26413.0,0.0,26413.0,26413.0
simplejson_4_0_0,84456bd79b5a04aca232567dbe04585702361b63,runtime_ns,4,88539364.75,2036758.4654079424,85298427.52350359,91780301.97649641
simplejson_4_0_0,84456bd79b5a04aca232567dbe04585702361b63,memory_peak,4,26413.0,0.0,26413.0,26413.0
simplejson_3_20_2,89fbe0052b5ee169ac9a7322994fa7cb855a00b1,runtime_ns,3,225194360.66666666,2214766.8995992183,219692574.6886359,230696146.64469743
simplejson_3_20_2,89fbe0052b5ee169ac9a7322994fa7cb855a00b1,memory_peak,3,54057.0,0.0,54057.0,54057.0
simplejson_4_0_0,89fbe0052b5ee169ac9a7322994fa7cb855a00b1,runtime_ns,3,212191194.66666666,1949190.6484285556,207349136.6695142,217033252.6638191
simplejson_4_0_0,89fbe0052b5ee169ac9a7322994fa7cb855a00b1,memory_peak,3,54057.0,0.0,54057.0,54057.0
simplejson_3_20_2,2efe2b3c0e5785123eb30d2cf80291cc15c81ef0,runtime_ns,3,103909320.0,1053916.7453897865,101291245.66773206,106527394.33226794
simplejson_3_20_2,2efe2b3c0e5785123eb30d2cf80291cc15c81ef0,memory_peak,3,27100.0,0.0,27100.0,27100.0
simplejson_4_0_0,2efe2b3c0e5785123eb30d2cf80291cc15c81ef0,runtime_ns,3,98235861.33333333,460641.6215957187,97091564.10952558,99380158.55714108
simplejson_4_0_0,2efe2b3c0e5785123eb30d2cf80291cc15c81ef0,memory_peak,3,27100.0,0.0,27100.0,27100.0
simplejson_3_20_2,5755de5ceef7afce131942591fac985311a2cb20,runtime_ns,3,138110931.0,524834.0020549354,136807171.06308648,139414690.93691352
simplejson_3_20_2,5755de5ceef7afce131942591fac985311a2cb20,memory_peak,3,31010.0,0.0,31010.0,31010.0
simplejson_4_0_0,5755de5ceef7afce131942591fac985311a2cb20,runtime_ns,3,130595569.33333333,1953047.40250239,125743930.62794112,135447208.03872555
simplejson_4_0_0,5755de5ceef7afce131942591fac985311a2cb20,memory_peak,3,31010.0,0.0,31010.0,31010.0
simplejson_3_20_2,fd79b3af18c2c55e70a9042f3f74a7e844890075,runtime_ns,3,93872652.33333333,574180.9712941847,92446307.729172,95298996.93749465
simplejson_3_20_2,fd79b3af18c2c55e70a9042f3f74a7e844890075,memory_peak,3,27307.0,0.0,27307.0,27307.0
simplejson_4_0_0,fd79b3af18c2c55e70a9042f3f74a7e844890075,runtime_ns,3,87600972.66666667,337607.6625468287,86762308.74035822,88439636.59297512
simplejson_4_0_0,fd79b3af18c2c55e70a9042f3f74a7e844890075,memory_peak,3,27307.0,0.0,27307.0,27307.0
simplejson_3_20_2,97c195d0015a73dfc48e147068ab16e534c1c6a9,runtime_ns,3,59955639.0,520894.0655440413,58661666.407955095,61249611.592044905
simplejson_3_20_2,97c195d0015a73dfc48e147068ab16e534c1c6a9,memory_peak,3,14817.0,0.0,14817.0,14817.0
simplejson_4_0_0,97c195d0015a73dfc48e147068ab16e534c1c6a9,runtime_ns,3,56394722.333333336,283156.6334634125,55691322.26181461,57098122.40485206
simplejson_4_0_0,97c195d0015a73dfc48e147068ab16e534c1c6a9,memory_peak,3,14817.0,0.0,14817.0,14817.0
simplejson_3_20_2,be3b13797bdc51cdbbcece9220c5a6fc2c29c8dc,runtime_ns,5,202522408.6,7414269.795185315,193316376.72234878,211728440.4776512
simplejson_3_20_2,be3b13797bdc51cdbbcece9220c5a6fc2c29c8dc,memory_peak,5,54380.0,0.0,54380.0,54380.0
simplejson_4_0_0,be3b13797bdc51cdbbcece9220c5a6fc2c29c8dc,runtime_ns,3,186872917.0,1438710.1398089193,183298962.88542306,190446871.11457694
simplejson_4_0_0,be3b13797bdc51cdbbcece9220c5a6fc2c29c8dc,memory_peak,3,54380.0,0.0,54380.0,54380.0
simplejson_3_20_2,9abc958aabb35a38c437325586b2d10fff1f63a3,runtime_ns,3,116983153.33333333,1484362.3620670706,113295792.81181972,120670513.85484694
simplejson_3_20_2,9abc958aabb35a38c437325586b2d10fff1f63a3,memory_peak,3,28185.0,0.0,28185.0,28185.0
simplejson_4_0_0,9abc958aabb35a38c437325586b2d10fff1f63a3,runtime_ns,3,110483958.33333333,435571.1999459254,109401939.4893953,111565977.17727135
simplejson_4_0_0,9abc958aabb35a38c437325586b2d10fff1f63a3,memory_peak,3,28185.0,0.0,28185.0,28185.0
simplejson_3_20_2,121703f97dc83757955c14c41f28fd32e8fa26cc,runtime_ns,3,96464305.66666667,1037370.7036659236,93887333.98062518,99041277.35270816
simplejson_3_20_2,121703f97dc83757955c14c41f28fd32e8fa26cc,memory_peak,3,26865.0,0.0,26865.0,26865.0
simplejson_4_0_0,121703f97dc83757955c14c41f28fd32e8fa26cc,runtime_ns,3,91349944.33333333,533131.9537434736,90025571.14170003,92674317.52496663
simplejson_4_0_0,121703f97dc83757955c14c41f28fd32e8fa26cc,memory_peak,3,26865.0,0.0,26865.0,26865.0
simplejson_3_20_2,0d7d04ed8f310b2bbe2e122f37339a56ef0fb398,runtime_ns,3,74762694.0,640993.5264704317,73170377.80790697,76355010.19209303
simplejson_3_20_2,0d7d04ed8f310b2bbe2e122f37339a56ef0fb398,memory_peak,3,16923.0,0.0,16923.0,16923.0
simplejson_4_0_0,0d7d04ed8f310b2bbe2e122f37339a56ef0fb398,runtime_ns,10,79351879.3,11970571.025132187,70788648.64875935,87915109.95124064
simplejson_4_0_0,0d7d04ed8f310b2bbe2e122f37339a56ef0fb398,memory_peak,10,16923.0,0.0,16923.0,16923.0
simplejson_3_20_2,25249f97d9d8a3c47ff1274896cfcd6b54b6edcf,runtime_ns,3,238594416.66666666,3240654.532420933,230544184.53192517,246644648.80140814
simplejson_3_20_2,25249f97d9d8a3c47ff1274896cfcd6b54b6edcf,memory_peak,3,57391.0,0.0,57391.0,57391.0
simplejson_4_0_0,25249f97d9d8a3c47ff1274896cfcd6b54b6edcf,runtime_ns,3,226781958.33333334,620323.5725992793,225240989.15315178,228322927.5135149
simplejson_4_0_0,25249f97d9d8a3c47ff1274896cfcd6b54b6edcf,memory_peak,3,57391.0,0.0,57391.0,57391.0
simplejson_3_20_2,baf13104f44285c96a5711c83422d42838bccfe9,runtime_ns,3,129327763.66666667,854154.6242105894,127205925.95299922,131449601.38033412
simplejson_3_20_2,baf13104f44285c96a5711c83422d42838bccfe9,memory_peak,3,31132.0,0.0,31132.0,31132.0
simplejson_4_0_0,baf13104f44285c96a5711c83422d42838bccfe9,runtime_ns,3,122646597.33333333,1051297.099812576,120035030.56143516,125258164.1052315
simplejson_4_0_0,baf13104f44285c96a5711c83422d42838bccfe9,memory_peak,3,31132.0,0.0,31132.0,31132.0
simplejson_3_20_2,ca219f33c7fb0ce28cd1e6dfdfc8c631f51bdc7c,runtime_ns,3,72014527.66666667,712569.4518328254,70244407.01912749,73784648.31420586
simplejson_3_20_2,ca219f33c7fb0ce28cd1e6dfdfc8c631f51bdc7c,memory_peak,3,16408.0,0.0,16408.0,16408.0
simplejson_4_0_0,ca219f33c7fb0ce28cd1e6dfdfc8c631f51bdc7c,runtime_ns,3,68075055.66666667,425188.5232415538,67018828.821478896,69131282.51185444
simplejson_4_0_0,ca219f33c7fb0ce28cd1e6dfdfc8c631f51bdc7c,memory_peak,3,16408.0,0.0,16408.0,16408.0
simplejson_3_20_2,7028ba2d92a4715f8baf09cbed8b76cb2e219435,runtime_ns,3,116435847.33333333,1444469.7538579109,112847585.54429218,120024109.12237448
simplejson_3_20_2,7028ba2d92a4715f8baf09cbed8b76cb2e219435,memory_peak,3,28536.0,0.0,28536.0,28536.0
simplejson_4_0_0,7028ba2d92a4715f8baf09cbed8b76cb2e219435,runtime_ns,3,110060319.0,1779757.2913077222,105639156.79489987,114481481.20510013
simplejson_4_0_0,7028ba2d92a4715f8baf09cbed8b76cb2e219435,memory_peak,3,28536.0,0.0,28536.0,28536.0
simplejson_3_20_2,9418a1531b028e27dcf2ca6cd7881c0fa46ad965,runtime_ns,3,177522569.66666666,1074885.7152969022,174852405.5254759,180192733.80785742
simplejson_3_20_2,9418a1531b028e27dcf2ca6cd7881c0fa46ad965,memory_peak,3,53267.0,0.0,53267.0,53267.0
simplejson_4_0_0,9418a1531b028e27dcf2ca6cd7881c0fa46ad965,runtime_ns,3,168534805.66666666,1026622.8049027225,165984533.2412649,171085078.0920684
simplejson_4_0_0,9418a1531b028e27dcf2ca6cd7881c0fa46ad965,memory_peak,3,53267.0,0.0,53267.0,53267.0
simplejson_3_20_2,041ed99b2948516161e6ccc87f14020e229fa41e,runtime_ns,3,196568653.0,2014954.2234817643,191563229.22599834,201574076.77400166
simplejson_3_20_2,041ed99b2948516161e6ccc87f14020e229fa41e,memory_peak,3,54226.0,0.0,54226.0,54226.0
simplejson_4_0_0,041ed99b2948516161e6ccc87f14020e229fa41e,runtime_ns,3,185356902.66666666,1259897.3975385192,182227144.02850512,188486661.3048282
simplejson_4_0_0,041ed99b2948516161e6ccc87f14020e229fa41e,memory_peak,3,54226.0,0.0,54226.0,54226.0
simplejson_3_20_2,2a7ca074576c9094d9468d66eb29ffd4d1f2601d,runtime_ns,3,151876500.33333334,1902783.6119638863,147149723.80555335,156603276.86111334
simplejson_3_20_2,2a7ca074576c9094d9468d66eb29ffd4d1f2601d,memory_peak,3,33459.0,0.0,33459.0,33459.0
simplejson_4_0_0,2a7ca074576c9094d9468d66eb29ffd4d1f2601d,runtime_ns,7,147029404.85714287,6997873.487582339,140557451.31488478,153501358.39940095
simplejson_4_0_0,2a7ca074576c9094d9468d66eb29ffd4d1f2601d,memory_peak,7,33459.0,0.0,33459.0,33459.0
simplejson_3_20_2,76455765c3c94e5707b1a2e5aed74df4a8b05020,runtime_ns,3,810525305.6666666,1810602.8988500857,806027518.7246287,815023092.6087046
simplejson_3_20_2,76455765c3c94e5707b1a2e5aed74df4a8b05020,memory_peak,3,215283.0,0.0,215283.0,215283.0
simplejson_4_0_0,76455765c3c94e5707b1a2e5aed74df4a8b05020,runtime_ns,3,772809666.3333334,4083390.742336243,762665961.3984838,782953371.268183
simplejson_4_0_0,76455765c3c94e5707b1a2e5aed74df4a8b05020,memory_peak,3,215283.0,0.0,215283.0,215283.0
simplejson_3_20_2,3a7c37db8e383ef97efe17f7282ebddcff873767,runtime_ns,3,252800903.0,904118.7188157316,250554947.59469044,255046858.40530956
simplejson_3_20_2,3a7c37db8e383ef97efe17f7282ebddcff873767,memory_peak,3,59118.0,0.0,59118.0,59118.0
simplejson_4_0_0,3a7c37db8e383ef97efe17f7282ebddcff873767,runtime_ns,5,241570683.4,7318752.410055883,232483252.0206666,250658114.7793334
simplejson_4_0_0,3a7c37db8e383ef97efe17f7282ebddcff873767,memory_peak,5,59118.0,0.0,59118.0,59118.0
simplejson_3_20_2,06ac94bd04d485d26091bac9225d9720fc74ad39,runtime_ns,4,768243406.0,12786901.846547583,747896591.7312146,788590220.2687854
simplejson_3_20_2,06ac94bd04d485d26091bac9225d9720fc74ad39,memory_peak,4,215513.0,0.0,215513.0,215513.0
simplejson_4_0_0,06ac94bd04d485d26091bac9225d9720fc74ad39,runtime_ns,3,730982625.0,5723598.290465972,716764418.6397438,745200831.3602562
simplejson_4_0_0,06ac94bd04d485d26091bac9225d9720fc74ad39,memory_peak,3,215513.0,0.0,215513.0,215513.0
simplejson_3_20_2,832c4ddfdae6f0c8326d09151a5c3707d1b77a7c,runtime_ns,3,234199069.66666666,1246474.142349665,231102656.2429342,237295483.09039912
simplejson_3_20_2,832c4ddfdae6f0c8326d09151a5c3707d1b77a7c,memory_peak,3,57108.0,0.0,57108.0,57108.0
simplejson_4_0_0,832c4ddfdae6f0c8326d09151a5c3707d1b77a7c,runtime_ns,3,219580500.0,659746.7964219303,217941598.10280183,221219401.89719817
simplejson_4_0_0,832c4ddfdae6f0c8326d09151a5c3707d1b77a7c,memory_peak,3,57108.0,0.0,57108.0,57108.0
simplejson_3_20_2,289e855ee6749ce9d260561b1b5888258f87abfe,runtime_ns,3,963607194.6666666,5197016.137415809,950697090.891137,976517298.4421962
simplejson_3_20_2,289e855ee6749ce9d260561b1b5888258f87abfe,memory_peak,3,220697.0,0.0,220697.0,220697.0
simplejson_4_0_0,289e855ee6749ce9d260561b1b5888258f87abfe,runtime_ns,3,920702944.3333334,3890205.3999816426,911039138.3927842,930366750.2738825
simplejson_4_0_0,289e855ee6749ce9d260561b1b5888258f87abfe,memory_peak,3,220697.0,0.0,220697.0,220697.0
simplejson_3_20_2,cc1069e86cb4aa60b1f22bc02100d9c09159fcbe,runtime_ns,3,420064750.0,1561386.6567138326,416186050.5234334,423943449.4765666
simplejson_3_20_2,cc1069e86cb4aa60b1f22bc02100d9c09159fcbe,memory_peak,3,108300.0,0.0,108300.0,108300.0
simplejson_4_0_0,cc1069e86cb4aa60b1f22bc02100d9c09159fcbe,runtime_ns,4,400752843.75,10853386.384642856,383482684.0501884,418023003.4498116
simplejson_4_0_0,cc1069e86cb4aa60b1f22bc02100d9c09159fcbe,memory_peak,4,108300.0,0.0,108300.0,108300.0
simplejson_3_20_2,25a1c5c56da2c3d2e95ffb89a52fa85a5eb58f46,runtime_ns,10,466703224.9,33021107.383009173,443081347.69076544,490325102.1092345
simplejson_3_20_2,25a1c5c56da2c3d2e95ffb89a52fa85a5eb58f46,memory_peak,10,107526.0,0.0,107526.0,107526.0
simplejson_4_0_0,25a1c5c56da2c3d2e95ffb89a52fa85a5eb58f46,runtime_ns,4,430931260.25,8767424.9669462,416980330.65354496,444882189.84645504
simplejson_4_0_0,25a1c5c56da2c3d2e95ffb89a52fa85a5eb58f46,memory_peak,4,107526.0,0.0,107526.0,107526.0
simplejson_3_20_2,e2128bb7643fd4a1b4d7722f2edf676d2acb1e23,runtime_ns,10,623569145.8,59570114.79678833,580955252.7906522,666183038.8093477
simplejson_3_20_2,e2128bb7643fd4a1b4d7722f2edf676d2acb1e23,memory_peak,10,128281.0,0.0,128281.0,128281.0
simplejson_4_0_0,e2128bb7643fd4a1b4d7722f2edf676d2acb1e23,runtime_ns,3,567396597.3333334,2389470.344850786,561460823.9385805,573332370.7280862
simplejson_4_0_0,e2128bb7643fd4a1b4d7722f2edf676d2acb1e23,memory_peak,3,128281.0,0.0,128281.0,128281.0
simplejson_3_20_2,1171e4134df68e56d3c2d2376eb98c0d67ef3632,runtime_ns,3,940953166.6666666,5401611.805651933,927534819.0760108,954371514.2573224
simplejson_3_20_2,1171e4134df68e56d3c2d2376eb98c0d67ef3632,memory_peak,3,219077.0,0.0,219077.0,219077.0
simplejson_4_0_0,1171e4134df68e56d3c2d2376eb98c0d67ef3632,runtime_ns,3,892435639.0,8399950.519733017,871569005.1370944,913302272.8629056
simplejson_4_0_0,1171e4134df68e56d3c2d2376eb98c0d67ef3632,memory_peak,3,219077.0,0.0,219077.0,219077.0
simplejson_3_20_2,af0d3ce1b47ff3c92d9528b9665de5dadf48a5e8,runtime_ns,3,533672597.0,1945532.6515162885,528839625.97092676,538505568.0290732
simplejson_3_20_2,af0d3ce1b47ff3c92d9528b9665de5dadf48a5e8,memory_peak,3,119612.0,0.0,119612.0,119612.0
simplejson_4_0_0,af0d3ce1b47ff3c92d9528b9665de5dadf48a5e8,runtime_ns,6,516704222.1666667,20014351.38873363,495700448.5099279,537707995.8234055
simplejson_4_0_0,af0d3ce1b47ff3c92d9528b9665de5dadf48a5e8,memory_peak,6,119612.0,0.0,119612.0,119612.0
simplejson_3_20_2,475d7e5a63370912b64d5bac7e053ddf16ccd58a,runtime_ns,10,574820141.8,37768253.41284418,547802360.8946718,601837922.7053281
simplejson_3_20_2,475d7e5a63370912b64d5bac7e053ddf16ccd58a,memory_peak,10,122995.0,0.0,122995.0,122995.0
simplejson_4_0_0,475d7e5a63370912b64d5bac7e053ddf16ccd58a,runtime_ns,3,527373625.0,3427484.304032478,518859281.9839206,535887968.0160794
simplejson_4_0_0,475d7e5a63370912b64d5bac7e053ddf16ccd58a,memory_peak,3,122995.0,0.0,122995.0,122995.0
simplejson_3_20_2,3e6c8178ffe1f0177fc155e79ac5916493f4d17a,runtime_ns,3,581623333.0,6892433.1904915115,564501579.7857804,598745086.2142196
simplejson_3_20_2,3e6c8178ffe1f0177fc155e79ac5916493f4d17a,memory_peak,3,126386.0,0.0,126386.0,126386.0
simplejson_4_0_0,3e6c8178ffe1f0177fc155e79ac5916493f4d17a,runtime_ns,3,545814792.0,2130459.745310622,540522436.6033078,551107147.3966922
simplejson_4_0_0,3e6c8178ffe1f0177fc155e79ac5916493f4d17a,memory_peak,3,126386.0,0.0,126386.0,126386.0
simplejson_3_20_2,b85336dd4fcda97644949ab3c9b663af27943828,runtime_ns,3,326719514.0,2065327.6701569657,321588955.6474416,331850072.3525584
simplejson_3_20_2,b85336dd4fcda97644949ab3c9b663af27943828,memory_peak,3,67895.0,0.0,67895.0,67895.0
simplejson_4_0_0,b85336dd4fcda97644949ab3c9b663af27943828,runtime_ns,3,307000528.0,5155939.192278842,294192465.0129686,319808590.9870314
simplejson_4_0_0,b85336dd4fcda97644949ab3c9b663af27943828,memory_peak,3,67895.0,0.0,67895.0,67895.0
simplejson_3_20_2,4d5106bdf23e1eacc16288613a1d2523e006d1e2,runtime_ns,3,919591097.3333334,2886051.9858554755,912421746.7571979,926760447.9094689
simplejson_3_20_2,4d5106bdf23e1eacc16288613a1d2523e006d1e2,memory_peak,3,217611.0,0.0,217611.0,217611.0
simplejson_4_0_0,4d5106bdf23e1eacc16288613a1d2523e006d1e2,runtime_ns,4,892008312.5,25802042.4887847,850951505.1063969,933065119.8936031
simplejson_4_0_0,4d5106bdf23e1eacc16288613a1d2523e006d1e2,memory_peak,4,217611.0,0.0,217611.0,217611.0
simplejson_3_20_2,4fddcfddcca617f1242343617e42c0edc9a7a598,runtime_ns,3,680651263.6666666,11629508.611032296,651761962.7568761,709540564.5764571
simplejson_3_20_2,4fddcfddcca617f1242343617e42c0edc9a7a598,memory_peak,3,136280.0,0.0,136280.0,136280.0
simplejson_4_0_0,4fddcfddcca617f1242343617e42c0edc9a7a598,runtime_ns,3,628527028.0,12388837.98791182,597751448.3494632,659302607.6505368
simplejson_4_0_0,4fddcfddcca617f1242343617e42c0edc9a7a598,memory_peak,3,136280.0,0.0,136280.0,136280.0
simplejson_3_20_2,9ab7015672e1450f43d8af039092a939c6978d33,runtime_ns,3,350283055.3333333,1242677.561878516,347196073.1383249,353370037.5283417
simplejson_3_20_2,9ab7015672e1450f43d8af039092a939c6978d33,memory_peak,3,108038.0,0.0,108038.0,108038.0
simplejson_4_0_0,9ab7015672e1450f43d8af039092a939c6978d33,runtime_ns,4,332218687.5,9653051.234745676,316858528.88163465,347578846.11836535
simplejson_4_0_0,9ab7015672e1450f43d8af039092a939c6978d33,memory_peak,4,108038.0,0.0,108038.0,108038.0
simplejson_3_20_2,fb6b1064333a5ae0e57a5e7600b250d33a8ac2f5,runtime_ns,3,800255472.0,1085696.9803831086,797558451.1874969,802952492.8125031
simplejson_3_20_2,fb6b1064333a5ae0e57a5e7600b250d33a8ac2f5,memory_peak,3,213883.0,0.0,213883.0,213883.0
simplejson_4_0_0,fb6b1064333a5ae0e57a5e7600b250d33a8ac2f5,runtime_ns,6,784077298.5,32224216.127027515,750260057.6285864,817894539.3714136
simplejson_4_0_0,fb6b1064333a5ae0e57a5e7600b250d33a8ac2f5,memory_peak,6,213883.0,0.0,213883.0,213883.0
simplejson_3_20_2,30f5aeb732e7d32df678b70b9b46a0130abdd1bf,runtime_ns,3,810832041.6666666,7125465.420603929,793131404.3015715,828532679.0317618
simplejson_3_20_2,30f5aeb732e7d32df678b70b9b46a0130abdd1bf,memory_peak,3,215283.0,0.0,215283.0,215283.0
simplejson_4_0_0,30f5aeb732e7d32df678b70b9b46a0130abdd1bf,runtime_ns,3,770277319.6666666,5352646.7283320995,756980608.0711398,783574031.2621934
simplejson_4_0_0,30f5aeb732e7d32df678b70b9b46a0130abdd1bf,memory_peak,3,215283.0,0.0,215283.0,215283.0
simplejson_3_20_2,af235e8f952d87360a00f08230b94c77add8d9da,runtime_ns,3,565498486.0,3727294.988121681,556239371.957189,574757600.042811
simplejson_3_20_2,af235e8f952d87360a00f08230b94c77add8d9da,memory_peak,3,122995.0,0.0,122995.0,122995.0
simplejson_4_0_0,af235e8f952d87360a00f08230b94c77add8d9da,runtime_ns,3,528539527.6666667,7125013.138342998,510840013.83299226,546239041.500341
simplejson_4_0_0,af235e8f952d87360a00f08230b94c77add8d9da,memory_peak,3,122995.0,0.0,122995.0,122995.0
simplejson_3_20_2,f61b57c0006a2e2ed0d01b4cd4c7141ba5d409cd,runtime_ns,4,352738375.0,8501920.143146763,339209922.8263127,366266827.1736873
simplejson_3_20_2,f61b57c0006a2e2ed0d01b4cd4c7141ba5d409cd,memory_peak,4,108012.0,0.0,108012.0,108012.0
simplejson_4_0_0,f61b57c0006a2e2ed0d01b4cd4c7141ba5d409cd,runtime_ns,3,325299041.3333333,1521579.6024107097,321519228.0615548,329078854.60511184
simplejson_4_0_0,f61b57c0006a2e2ed0d01b4cd4c7141ba5d409cd,memory_peak,3,108012.0,0.0,108012.0,108012.0
simplejson_3_20_2,8399bae7849227236ded0d95db697e914290010a,runtime_ns,3,1224931014.0,5724240.872734829,1210711211.3768969,1239150816.6231031
simplejson_3_20_2,8399bae7849227236ded0d95db697e914290010a,memory_peak,3,254191.0,0.0,254191.0,254191.0
simplejson_4_0_0,8399bae7849227236ded0d95db697e914290010a,runtime_ns,3,1152963305.6666667,2753255.086946419,1146123840.8751147,1159802770.4582188
simplejson_4_0_0,8399bae7849227236ded0d95db697e914290010a,memory_peak,3,254191.0,0.0,254191.0,254191.0
simplejson_3_20_2,cc583a21f4995c47d6dc3954e4e438e6c4ab2dad,runtime_ns,3,1118357736.0,11810014.399609808,1089020033.8536148,1147695438.1463852
simplejson_3_20_2,cc583a21f4995c47d6dc3954e4e438e6c4ab2dad,memory_peak,3,239062.0,0.0,239062.0,239062.0
simplejson_4_0_0,cc583a21f4995c47d6dc3954e4e438e6c4ab2dad,runtime_ns,3,1039564944.3333334,2494308.3856895748,1033368738.8077068,1045761149.8589599
simplejson_4_0_0,cc583a21f4995c47d6dc3954e4e438e6c4ab2dad,memory_peak,3,239062.0,0.0,239062.0,239062.0
simplejson_3_20_2,cde8d81d87d89ce7223abb71594e9c771cf279f0,runtime_ns,3,1471540930.6666667,4594339.843037771,1460127957.8019795,1482953903.531354
simplejson_3_20_2,cde8d81d87d89ce7223abb71594e9c771cf279f0,memory_peak,3,430182.0,0.0,430182.0,430182.0
simplejson_4_0_0,cde8d81d87d89ce7223abb71594e9c771cf279f0,runtime_ns,3,1388714444.6666667,6741347.621213902,1371968008.8127909,1405460880.5205426
simplejson_4_0_0,cde8d81d87d89ce7223abb71594e9c771cf279f0,memory_peak,3,430182.0,0.0,430182.0,430182.0
simplejson_3_20_2,91b43d04116f5789da17d6dfcbf815656d4353e8,runtime_ns,3,1048242611.0,9070827.741089508,1025709425.7315685,1070775796.2684315
simplejson_3_20_2,91b43d04116f5789da17d6dfcbf815656d4353e8,memory_peak,3,234669.0,0.0,234669.0,234669.0
simplejson_4_0_0,91b43d04116f5789da17d6dfcbf815656d4353e8,runtime_ns,6,1028378784.5,76082625.75410585,948534965.4567733,1108222603.5432267
simplejson_4_0_0,91b43d04116f5789da17d6dfcbf815656d4353e8,memory_peak,6,234669.0,0.0,234669.0,234669.0
simplejson_3_20_2,b7f01360810896c111d4441960f8bed2675085d0,runtime_ns,3,1260702833.3333333,7878229.3338730205,1241132226.7432415,1280273439.923425
simplejson_3_20_2,b7f01360810896c111d4441960f8bed2675085d0,memory_peak,3,257324.0,0.0,257324.0,257324.0
simplejson_4_0_0,b7f01360810896c111d4441960f8bed2675085d0,runtime_ns,3,1191790847.3333333,10958059.477426209,1164569518.5378556,1219012176.128811
simplejson_4_0_0,b7f01360810896c111d4441960f8bed2675085d0,memory_peak,3,257324.0,0.0,257324.0,257324.0
simplejson_3_20_2,973b35730dd597090a8cb734547e5802b37fcb04,runtime_ns,3,1411687611.3333333,7577046.94120977,1392865183.2829716,1430510039.383695
simplejson_3_20_2,973b35730dd597090a8cb734547e5802b37fcb04,memory_peak,3,432684.0,0.0,432684.0,432684.0
simplejson_4_0_0,973b35730dd597090a8cb734547e5802b37fcb04,runtime_ns,3,1351139541.3333333,1846944.8131231028,1346551476.0715325,1355727606.595134
simplejson_4_0_0,973b35730dd597090a8cb734547e5802b37fcb04,memory_peak,3,432684.0,0.0,432684.0,432684.0
simplejson_3_20_2,7a1c61adbccd31d633aa36c2919ef0b518fa492f,runtime_ns,3,1255513444.3333333,2246116.524592242,1249933781.569608,1261093107.0970585
simplejson_3_20_2,7a1c61adbccd31d633aa36c2919ef0b518fa492f,memory_peak,3,257296.0,0.0,257296.0,257296.0
simplejson_4_0_0,7a1c61adbccd31d633aa36c2919ef0b518fa492f,runtime_ns,3,1197188542.0,8264804.774177306,1176657628.780212,1217719455.219788
simplejson_4_0_0,7a1c61adbccd31d633aa36c2919ef0b518fa492f,memory_peak,3,257296.0,0.0,257296.0,257296.0
simplejson_3_20_2,83051ea0993fd33ca9b6b48842776c164509efe7,runtime_ns,3,1489222513.6666667,24761323.25647796,1427711976.7724094,1550733050.560924
simplejson_3_20_2,83051ea0993fd33ca9b6b48842776c164509efe7,memory_peak,3,430154.0,0.0,430154.0,430154.0
simplejson_4_0_0,83051ea0993fd33ca9b6b48842776c164509efe7,runtime_ns,3,1399036986.0,21508185.352191873,1345607691.6553042,1452466280.3446958
simplejson_4_0_0,83051ea0993fd33ca9b6b48842776c164509efe7,memory_peak,3,430154.0,0.0,430154.0,430154.0
simplejson_3_20_2,f3713582402182df50ca069f9c6801aa990cd422,runtime_ns,3,1226479902.6666667,10733578.927973947,1199816214.4696379,1253143590.8636956
simplejson_3_20_2,f3713582402182df50ca069f9c6801aa990cd422,memory_peak,3,254191.0,0.0,254191.0,254191.0
simplejson_4_0_0,f3713582402182df50ca069f9c6801aa990cd422,runtime_ns,3,1149358903.0,3944976.9910756135,1139559036.8844817,1159158769.1155183
simplejson_4_0_0,f3713582402182df50ca069f9c6801aa990cd422,memory_peak,3,254191.0,0.0,254191.0,254191.0
simplejson_3_20_2,590d5dfce92c511037081c4f5877465e964b3227,runtime_ns,3,1095743930.6666667,2743397.558607635,1088928953.3330057,1102558908.0003278
simplejson_3_20_2,590d5dfce92c511037081c4f5877465e964b3227,memory_peak,3,239062.0,0.0,239062.0,239062.0
simplejson_4_0_0,590d5dfce92c511037081c4f5877465e964b3227,runtime_ns,3,1037621861.3333334,4132974.060836377,1027354984.6071239,1047888738.0595429
simplejson_4_0_0,590d5dfce92c511037081c4f5877465e964b3227,memory_peak,3,239062.0,0.0,239062.0,239062.0
simplejson_3_20_2,cdd1af97f6cff97bfd578b324b59fcafadbbb8d9,runtime_ns,3,1103727944.3333333,5647554.459319302,1089698641.3217745,1117757247.344892
simplejson_3_20_2,cdd1af97f6cff97bfd578b324b59fcafadbbb8d9,memory_peak,3,239011.0,0.0,239011.0,239011.0
simplejson_4_0_0,cdd1af97f6cff97bfd578b324b59fcafadbbb8d9,runtime_ns,4,1079886177.0,33719490.03636941,1026230943.7588527,1133541410.2411473
simplejson_4_0_0,cdd1af97f6cff97bfd578b324b59fcafadbbb8d9,memory_peak,4,239011.0,0.0,239011.0,239011.0
simplejson_3_20_2,5723e8b9b2d4c4ee1cb2be35828944ebcf319950,runtime_ns,3,1228895708.3333333,11722580.876452606,1199775203.0990942,1258016213.5675724
simplejson_3_20_2,5723e8b9b2d4c4ee1cb2be35828944ebcf319950,memory_peak,3,254139.0,0.0,254139.0,254139.0
simplejson_4_0_0,5723e8b9b2d4c4ee1cb2be35828944ebcf319950,runtime_ns,5,1193193966.8,86155109.97085188,1086218268.487907,1300169665.112093
simplejson_4_0_0,5723e8b9b2d4c4ee1cb2be35828944ebcf319950,memory_peak,5,254139.0,0.0,254139.0,254139.0
simplejson_3_20_2,d5f4f38b5c4a26a90d8b8586cc6462ed9250224f,runtime_ns,3,1403024000.3333333,5754690.493825218,1388728556.658171,1417319444.0084956
simplejson_3_20_2,d5f4f38b5c4a26a90d8b8586cc6462ed9250224f,memory_peak,3,432684.0,0.0,432684.0,432684.0
simplejson_4_0_0,d5f4f38b5c4a26a90d8b8586cc6462ed9250224f,runtime_ns,3,1350503777.6666667,14782923.62456846,1313780959.6009514,1387226595.732382
simplejson_4_0_0,d5f4f38b5c4a26a90d8b8586cc6462ed9250224f,memory_peak,3,432684.0,0.0,432684.0,432684.0
simplejson_3_20_2,6d319fac438cac4c7ea373f4ac25a9040105b4cf,runtime_ns,3,1235660139.0,16364754.415465299,1195007835.41301,1276312442.58699
simplejson_3_20_2,6d319fac438cac4c7ea373f4ac25a9040105b4cf,memory_peak,3,254163.0,0.0,254163.0,254163.0
simplejson_4_0_0,6d319fac438cac4c7ea373f4ac25a9040105b4cf,runtime_ns,3,1156358667.3333333,1813259.3423744806,1151854281.4197571,1160863053.2469094
simplejson_4_0_0,6d319fac438cac4c7ea373f4ac25a9040105b4cf,memory_peak,3,254163.0,0.0,254163.0,254163.0
simplejson_3_20_2,b992525b84bb37fd7b30181fa247f0d67526f4a3,runtime_ns,3,1228261902.6666667,12359327.379208358,1197559631.432107,1258964173.9012265
simplejson_3_20_2,b992525b84bb37fd7b30181fa247f0d67526f4a3,memory_peak,3,254188.0,0.0,254188.0,254188.0
simplejson_4_0_0,b992525b84bb37fd7b30181fa247f0d67526f4a3,runtime_ns,4,1170455385.5,36452683.94130534,1112451030.836659,1228459740.163341
simplejson_4_0_0,b992525b84bb37fd7b30181fa247f0d67526f4a3,memory_peak,4,254188.0,0.0,254188.0,254188.0
simplejson_3_20_2,e6e2f5555cf657e575b6840bac7cab49f399506a,runtime_ns,3,1114640708.6666667,14325281.175079858,1079054737.4682238,1150226679.8651097
simplejson_3_20_2,e6e2f5555cf657e575b6840bac7cab49f399506a,memory_peak,3,239056.0,0.0,239056.0,239056.0
simplejson_4_0_0,e6e2f5555cf657e575b6840bac7cab49f399506a,runtime_ns,3,1041241583.0,3332610.4110950325,1032962919.799227,1049520246.200773
simplejson_4_0_0,e6e2f5555cf657e575b6840bac7cab49f399506a,memory_peak,3,239056.0,0.0,239056.0,239056.0
simplejson_3_20_2,3531db8db3e88329ad4ce5b73206d416dca6a059,runtime_ns,3,1239552583.0,6968834.6988136405,1222241037.9177227,1256864128.0822773
simplejson_3_20_2,3531db8db3e88329ad4ce5b73206d416dca6a059,memory_peak,3,254139.0,0.0,254139.0,254139.0
simplejson_4_0_0,3531db8db3e88329ad4ce5b73206d416dca6a059,runtime_ns,3,1150971625.3333333,6099050.610543606,1135820743.705808,1166122506.9608586
simplejson_4_0_0,3531db8db3e88329ad4ce5b73206d416dca6a059,memory_peak,3,254139.0,0.0,254139.0,254139.0
