function_name,input_id,memory_after,runtime_ns,memory_peak,count_number,count_literal,count_false,count_true,count_null,count_string,num_pairs,doc_bytes,key_density
simplejson_3_20_2,fd5cb3ef5d23b24bb2f54aaa340ebc9c58be8697,0,44390222.333333336,13740.0,31,25,5,10,10,35,91,1246,0.07303370786516854
simplejson_4_0_0,fd5cb3ef5d23b24bb2f54aaa340ebc9c58be8697,0,41902653.0,13740.0,31,25,5,10,10,35,91,1246,0.07303370786516854
simplejson_3_20_2,b7e4d7a6216bd86e8de38393defe47002c8c78d4,0,33446680.333333332,7722.0,21,28,4,10,14,24,73,974,0.07494866529774127
simplejson_4_0_0,b7e4d7a6216bd86e8de38393defe47002c8c78d4,0,31498222.0,7722.0,21,28,4,10,14,24,73,974,0.07494866529774127
simplejson_3_20_2,960d1b899a3db643b5e7a74cedd103bdbe2c953e,0,44949042.0,13752.0,31,32,11,12,9,32,95,1320,0.07196969696969698
simplejson_4_0_0,960d1b899a3db643b5e7a74cedd103bdbe2c953e,0,43214235.666666664,13752.0,31,32,11,12,9,32,95,1320,0.07196969696969698
simplejson_3_20_2,6d5abff2ee4f9b38619b18c5430d839637c1ebe4,0,24309013.666666668,6673.0,12,22,8,10,4,19,53,738,0.07181571815718157
simplejson_4_0_0,6d5abff2ee4f9b38619b18c5430d839637c1ebe4,0,23096124.75,6673.0,12,22,8,10,4,19,53,738,0.07181571815718157
simplejson_3_20_2,ff03299867d541f7eec9635f12b27de3ae8ee73c,0,31648611.0,7306.0,21,25,7,8,10,23,69,936,0.07371794871794872
simplejson_4_0_0,ff03299867d541f7eec9635f12b27de3ae8ee73c,0,30408468.5,7306.0,21,25,7,8,10,23,69,936,0.07371794871794872
simplejson_3_20_2,17bed0ca2bc5b2c4c2a217dce77d0acce6f4780d,0,42967041.666666664,13512.0,34,29,11,10,8,24,87,1187,0.07329401853411963
simplejson_4_0_0,17bed0ca2bc5b2c4c2a217dce77d0acce6f4780d,0,40620555.666666664,13512.0,34,29,11,10,8,24,87,1187,0.07329401853411963
simplejson_3_20_2,3ecd6497a76e88c13188ef128f7975e688a2f2cb,0,31316027.666666668,7085.0,25,19,5,10,4,20,64,858,0.07459207459207459
simplejson_4_0_0,3ecd6497a76e88c13188ef128f7975e688a2f2cb,0,29920041.666666668,7085.0,25,19,5,10,4,20,64,858,0.07459207459207459
simplejson_3_20_2,e2405bd890dbc9860547dd7e8ddb38d63db55625,0,24228361.0,6614.0,17,17,3,3,11,15,49,642,0.0763239875389408
simplejson_4_0_0,e2405bd890dbc9860547dd7e8ddb38d63db55625,0,22826347.0,6614.0,17,17,3,3,11,15,49,642,0.0763239875389408
simplejson_3_20_2,10d7352f6fffc3b748115bd72c922a522f04282f,0,28295166.666666668,7212.0,15,18,5,6,7,28,61,873,0.06987399770904926
simplejson_4_0_0,10d7352f6fffc3b748115bd72c922a522f04282f,0,26762403.0,7212.0,15,18,5,6,7,28,61,873,0.06987399770904926
simplejson_3_20_2,4361d72c0b6e7af2f526edf0d66e705a1e08acfe,0,20095708.0,4645.0,15,13,5,5,3,12,40,562,0.0711743772241993
simplejson_4_0_0,4361d72c0b6e7af2f526edf0d66e705a1e08acfe,0,19108722.666666668,4649.0,15,13,5,5,3,12,40,562,0.0711743772241993
simplejson_3_20_2,24106c39459614f81c768f17d966a1e9a34a033c,0,33681264.0,8178.0,19,18,4,7,7,36,73,1065,0.06854460093896714
simplejson_4_0_0,24106c39459614f81c768f17d966a1e9a34a033c,0,32404583.333333332,8178.0,19,18,4,7,7,36,73,1065,0.06854460093896714
simplejson_3_20_2,ba2ea8af256471b30c19208eadb8b8b9efb5d3e5,0,18932611.333333332,4104.0,18,11,7,2,2,6,35,447,0.07829977628635347
simplejson_4_0_0,ba2ea8af256471b30c19208eadb8b8b9efb5d3e5,0,17776416.666666668,4108.0,18,11,7,2,2,6,35,447,0.07829977628635347
simplejson_3_20_2,a46704092e7f4081ba6235a4d7db8da7559686c1,0,23318291.666666668,6794.0,18,7,2,3,2,20,45,606,0.07425742574257425
simplejson_4_0_0,a46704092e7f4081ba6235a4d7db8da7559686c1,0,22111083.666666668,6794.0,18,7,2,3,2,20,45,606,0.07425742574257425
simplejson_3_20_2,7c37a973dc40595d82e81e1326e44fa5174cb4a1,0,45288930.666666664,13297.0,31,36,18,13,5,31,98,1314,0.0745814307458143
simplejson_4_0_0,7c37a973dc40595d82e81e1326e44fa5174cb4a1,0,42550499.666666664,13297.0,31,36,18,13,5,31,98,1314,0.0745814307458143
simplejson_3_20_2,47b244f4f313ebd1fceea9a27723e868da19f9fd,0,22521708.333333332,6632.0,12,17,6,6,5,19,48,652,0.0736196319018405
simplejson_4_0_0,47b244f4f313ebd1fceea9a27723e868da19f9fd,0,21591638.666666668,6632.0,12,17,6,6,5,19,48,652,0.0736196319018405
simplejson_3_20_2,73add586aaa13d712d367b8e6c3d5568b0a73c14,0,21240694.333333332,6558.0,14,16,7,3,6,13,43,578,0.07439446366782007
simplejson_4_0_0,73add586aaa13d712d367b8e6c3d5568b0a73c14,0,20279736.0,6558.0,14,16,7,3,6,13,43,578,0.07439446366782007
simplejson_3_20_2,2709c80cd76db680d0fee8ba7f04fac569c3b380,0,43586180.666666664,13690.0,33,24,10,5,9,32,89,1206,0.07379767827529021
simplejson_4_0_0,2709c80cd76db680d0fee8ba7f04fac569c3b380,0,41492277.666666664,13690.0,33,24,10,5,9,32,89,1206,0.07379767827529021
simplejson_3_20_2,092d9f1499d0fb0241c3188703b519926240573b,0,31463611.0,7453.0,22,20,7,7,6,24,66,930,0.07096774193548387
simplejson_4_0_0,092d9f1499d0fb0241c3188703b519926240573b,0,29833749.666666668,7453.0,22,20,7,7,6,24,66,930,0.07096774193548387
simplejson_3_20_2,d6a3bf8cb1f4d54464ff336c975a101f59c71dcf,0,14946181.0,4033.0,7,15,7,2,6,10,32,430,0.07441860465116279
simplejson_4_0_0,d6a3bf8cb1f4d54464ff336c975a101f59c71dcf,0,14270333.333333334,4037.0,7,15,7,2,6,10,32,430,0.07441860465116279
simplejson_3_20_2,be9276dbc3a1d5a7031b29367d43de929a307e4d,0,33218666.333333332,7477.0,22,26,10,6,10,24,72,953,0.07555089192025184
simplejson_4_0_0,be9276dbc3a1d5a7031b29367d43de929a307e4d,0,31268972.333333332,7477.0,22,26,10,6,10,24,72,953,0.07555089192025184
simplejson_3_20_2,a70400512d056843a2aebcf6bdbef874329e7ef8,0,129709083.66666667,29595.0,104,83,24,32,27,81,268,3512,0.07630979498861047
simplejson_4_0_0,a70400512d056843a2aebcf6bdbef874329e7ef8,0,122543791.33333333,29595.0,104,83,24,32,27,81,268,3512,0.07630979498861047
simplejson_3_20_2,be2345d0a1f8865436ea08ac2d970ed851b1b8bb,0,231993847.33333334,56270.0,169,148,41,55,52,161,478,6358,0.07518087448883297
simplejson_4_0_0,be2345d0a1f8865436ea08ac2d970ed851b1b8bb,0,221077889.33333334,56270.0,169,148,41,55,52,161,478,6358,0.07518087448883297
simplejson_3_20_2,ff7c4f086a9a4b97cb3eaa4dae1890e81d854ee9,0,97283388.66666667,26997.0,59,80,25,31,24,74,213,2851,0.07471062784987724
simplejson_4_0_0,ff7c4f086a9a4b97cb3eaa4dae1890e81d854ee9,0,90970277.66666667,26997.0,59,80,25,31,24,74,213,2851,0.07471062784987724
simplejson_3_20_2,84456bd79b5a04aca232567dbe04585702361b63,0,93126111.33333333,26413.0,64,80,25,24,31,56,200,2599,0.07695267410542517
simplejson_4_0_0,84456bd79b5a04aca232567dbe04585702361b63,0,88539364.75,26413.0,64,80,25,24,31,56,200,2599,0.07695267410542517
simplejson_3_20_2,89fbe0052b5ee169ac9a7322994fa7cb855a00b1,0,225194360.66666666,54057.0,159,153,51,56,46,141,453,6042,0.0749751737835154
simplejson_4_0_0,89fbe0052b5ee169ac9a7322994fa7cb855a00b1,0,212191194.66666666,54057.0,159,153,51,56,46,141,453,6042,0.0749751737835154
simplejson_3_20_2,2efe2b3c0e5785123eb30d2cf80291cc15c81ef0,0,103909320.0,27100.0,76,64,13,28,23,78,218,2897,0.07525025888850535
simplejson_4_0_0,2efe2b3c0e5785123eb30d2cf80291cc15c81ef0,0,98235861.33333333,27100.0,76,64,13,28,23,78,218,2897,0.07525025888850535
simplejson_3_20_2,5755de5ceef7afce131942591fac985311a2cb20,0,138110931.0,31010.0,102,97,31,28,38,93,292,3868,0.07549120992761117
simplejson_4_0_0,5755de5ceef7afce131942591fac985311a2cb20,0,130595569.33333333,31010.0,102,97,31,28,38,93,292,3868,0.07549120992761117
simplejson_3_20_2,fd79b3af18c2c55e70a9042f3f74a7e844890075,0,93872652.33333333,27307.0,54,74,23,22,29,76,204,2831,0.07205934298834334
simplejson_4_0_0,fd79b3af18c2c55e70a9042f3f74a7e844890075,0,87600972.66666667,27307.0,54,74,23,22,29,76,204,2831,0.07205934298834334
simplejson_3_20_2,97c195d0015a73dfc48e147068ab16e534c1c6a9,0,59955639.0,14817.0,41,43,20,8,15,45,129,1775,0.07267605633802816
simplejson_4_0_0,97c195d0015a73dfc48e147068ab16e534c1c6a9,0,56394722.333333336,14817.0,41,43,20,8,15,45,129,1775,0.07267605633802816
simplejson_3_20_2,be3b13797bdc51cdbbcece9220c5a6fc2c29c8dc,0,202522408.6,54380.0,131,132,40,44,48,153,416,5678,0.07326523423740754
simplejson_4_0_0,be3b13797bdc51cdbbcece9220c5a6fc2c29c8dc,0,186872917.0,54380.0,131,132,40,44,48,153,416,5678,0.07326523423740754
simplejson_3_20_2,9abc958aabb35a38c437325586b2d10fff1f63a3,0,116983153.33333333,28185.0,85,94,27,34,33,75,254,3319,0.07652907502259716
simplejson_4_0_0,9abc958aabb35a38c437325586b2d10fff1f63a3,0,110483958.33333333,28185.0,85,94,27,34,33,75,254,3319,0.07652907502259716
simplejson_3_20_2,121703f97dc83757955c14c41f28fd32e8fa26cc,0,96464305.66666667,26865.0,72,64,22,25,17,66,202,2688,0.07514880952380952
simplejson_4_0_0,121703f97dc83757955c14c41f28fd32e8fa26cc,0,91349944.33333333,26865.0,72,64,22,25,17,66,202,2688,0.07514880952380952
simplejson_3_20_2,0d7d04ed8f310b2bbe2e122f37339a56ef0fb398,0,74762694.0,16923.0,46,65,24,19,22,55,166,2270,0.07312775330396476
simplejson_4_0_0,0d7d04ed8f310b2bbe2e122f37339a56ef0fb398,0,79351879.3,16923.0,46,65,24,19,22,55,166,2270,0.07312775330396476
simplejson_3_20_2,25249f97d9d8a3c47ff1274896cfcd6b54b6edcf,0,238594416.66666666,57391.0,163,166,60,53,53,170,499,6751,0.07391497555917642
simplejson_4_0_0,25249f97d9d8a3c47ff1274896cfcd6b54b6edcf,0,226781958.33333334,57391.0,163,166,60,53,53,170,499,6751,0.07391497555917642
simplejson_3_20_2,baf13104f44285c96a5711c83422d42838bccfe9,0,129327763.66666667,31132.0,77,115,42,31,42,99,291,3931,0.0740269651488171
simplejson_4_0_0,baf13104f44285c96a5711c83422d42838bccfe9,0,122646597.33333333,31132.0,77,115,42,31,42,99,291,3931,0.0740269651488171
simplejson_3_20_2,ca219f33c7fb0ce28cd1e6dfdfc8c631f51bdc7c,0,72014527.66666667,16408.0,48,55,21,23,11,54,157,2100,0.07476190476190477
simplejson_4_0_0,ca219f33c7fb0ce28cd1e6dfdfc8c631f51bdc7c,0,68075055.66666667,16408.0,48,55,21,23,11,54,157,2100,0.07476190476190477
simplejson_3_20_2,7028ba2d92a4715f8baf09cbed8b76cb2e219435,0,116435847.33333333,28536.0,84,79,27,23,29,84,247,3276,0.07539682539682539
simplejson_4_0_0,7028ba2d92a4715f8baf09cbed8b76cb2e219435,0,110060319.0,28536.0,84,79,27,23,29,84,247,3276,0.07539682539682539
simplejson_3_20_2,9418a1531b028e27dcf2ca6cd7881c0fa46ad965,0,177522569.66666666,53267.0,118,140,46,45,49,120,378,5056,0.0747626582278481
simplejson_4_0_0,9418a1531b028e27dcf2ca6cd7881c0fa46ad965,0,168534805.66666666,53267.0,118,140,46,45,49,120,378,5056,0.0747626582278481
simplejson_3_20_2,041ed99b2948516161e6ccc87f14020e229fa41e,0,196568653.0,54226.0,132,137,41,52,44,142,411,5539,0.07420111933562015
simplejson_4_0_0,041ed99b2948516161e6ccc87f14020e229fa41e,0,185356902.66666666,54226.0,132,137,41,52,44,142,411,5539,0.07420111933562015
simplejson_3_20_2,2a7ca074576c9094d9468d66eb29ffd4d1f2601d,0,151876500.33333334,33459.0,117,97,26,39,32,104,318,4298,0.07398790134946487
simplejson_4_0_0,2a7ca074576c9094d9468d66eb29ffd4d1f2601d,0,147029404.85714287,33459.0,117,97,26,39,32,104,318,4298,0.07398790134946487
simplejson_3_20_2,76455765c3c94e5707b1a2e5aed74df4a8b05020,0,810525305.6666666,215283.0,530,545,176,185,184,528,1603,21617,0.07415460054586667
simplejson_4_0_0,76455765c3c94e5707b1a2e5aed74df4a8b05020,0,772809666.3333334,215283.0,530,545,176,185,184,528,1603,21617,0.07415460054586667
simplejson_3_20_2,3a7c37db8e383ef97efe17f7282ebddcff873767,0,252800903.0,59118.0,178,162,53,60,49,187,527,6985,0.07544738725841088
simplejson_4_0_0,3a7c37db8e383ef97efe17f7282ebddcff873767,0,241570683.4,59118.0,178,162,53,60,49,187,527,6985,0.07544738725841088
simplejson_3_20_2,06ac94bd04d485d26091bac9225d9720fc74ad39,0,768243406.0,215513.0,498,510,156,183,171,504,1512,20360,0.07426326129666012
simplejson_4_0_0,06ac94bd04d485d26091bac9225d9720fc74ad39,0,730982625.0,215513.0,498,510,156,183,171,504,1512,20360,0.07426326129666012
simplejson_3_20_2,832c4ddfdae6f0c8326d09151a5c3707d1b77a7c,0,234199069.66666666,57108.0,152,176,65,54,57,172,500,6760,0.07396449704142012
simplejson_4_0_0,832c4ddfdae6f0c8326d09151a5c3707d1b77a7c,0,219580500.0,57108.0,152,176,65,54,57,172,500,6760,0.07396449704142012
simplejson_3_20_2,289e855ee6749ce9d260561b1b5888258f87abfe,0,963607194.6666666,220697.0,676,625,223,196,206,591,1892,25131,0.07528550395925351
simplejson_4_0_0,289e855ee6749ce9d260561b1b5888258f87abfe,0,920702944.3333334,220697.0,676,625,223,196,206,591,1892,25131,0.07528550395925351
simplejson_3_20_2,cc1069e86cb4aa60b1f22bc02100d9c09159fcbe,0,420064750.0,108300.0,281,274,79,84,111,306,861,11577,0.07437159885980824
simplejson_4_0_0,cc1069e86cb4aa60b1f22bc02100d9c09159fcbe,0,400752843.75,108300.0,281,274,79,84,111,306,861,11577,0.07437159885980824
simplejson_3_20_2,25a1c5c56da2c3d2e95ffb89a52fa85a5eb58f46,0,466703224.9,107526.0,322,290,97,92,101,286,898,12012,0.07475857475857475
simplejson_4_0_0,25a1c5c56da2c3d2e95ffb89a52fa85a5eb58f46,0,430931260.25,107526.0,322,290,97,92,101,286,898,12012,0.07475857475857475
simplejson_3_20_2,e2128bb7643fd4a1b4d7722f2edf676d2acb1e23,0,623569145.8,128281.0,402,403,124,132,147,414,1219,16367,0.07447913484450419
simplejson_4_0_0,e2128bb7643fd4a1b4d7722f2edf676d2acb1e23,0,567396597.3333334,128281.0,402,403,124,132,147,414,1219,16367,0.07447913484450419
simplejson_3_20_2,1171e4134df68e56d3c2d2376eb98c0d67ef3632,0,940953166.6666666,219077.0,626,636,213,219,204,594,1856,24844,0.07470616647882788
simplejson_4_0_0,1171e4134df68e56d3c2d2376eb98c0d67ef3632,0,892435639.0,219077.0,626,636,213,219,204,594,1856,24844,0.07470616647882788
simplejson_3_20_2,af0d3ce1b47ff3c92d9528b9665de5dadf48a5e8,0,533672597.0,119612.0,391,356,109,118,129,343,1090,14657,0.07436719656136999
simplejson_4_0_0,af0d3ce1b47ff3c92d9528b9665de5dadf48a5e8,0,516704222.1666667,119612.0,391,356,109,118,129,343,1090,14657,0.07436719656136999
simplejson_3_20_2,475d7e5a63370912b64d5bac7e053ddf16ccd58a,0,574820141.8,122995.0,350,433,155,137,141,367,1150,15450,0.0744336569579288
simplejson_4_0_0,475d7e5a63370912b64d5bac7e053ddf16ccd58a,0,527373625.0,122995.0,350,433,155,137,141,367,1150,15450,0.0744336569579288
simplejson_3_20_2,3e6c8178ffe1f0177fc155e79ac5916493f4d17a,0,581623333.0,126386.0,361,407,142,124,141,416,1184,16060,0.07372353673723536
simplejson_4_0_0,3e6c8178ffe1f0177fc155e79ac5916493f4d17a,0,545814792.0,126386.0,361,407,142,124,141,416,1184,16060,0.07372353673723536
simplejson_3_20_2,b85336dd4fcda97644949ab3c9b663af27943828,0,326719514.0,67895.0,225,231,67,67,97,223,679,9094,0.07466461403122938
simplejson_4_0_0,b85336dd4fcda97644949ab3c9b663af27943828,0,307000528.0,67895.0,225,231,67,67,97,223,679,9094,0.07466461403122938
simplejson_3_20_2,4d5106bdf23e1eacc16288613a1d2523e006d1e2,0,919591097.3333334,217611.0,622,629,197,215,217,583,1834,24604,0.07454072508535198
simplejson_4_0_0,4d5106bdf23e1eacc16288613a1d2523e006d1e2,0,892008312.5,217611.0,622,629,197,215,217,583,1834,24604,0.07454072508535198
simplejson_3_20_2,4fddcfddcca617f1242343617e42c0edc9a7a598,0,680651263.6666666,136280.0,453,441,144,148,149,454,1348,18150,0.07426997245179064
simplejson_4_0_0,4fddcfddcca617f1242343617e42c0edc9a7a598,0,628527028.0,136280.0,453,441,144,148,149,454,1348,18150,0.07426997245179064
simplejson_3_20_2,9ab7015672e1450f43d8af039092a939c6978d33,0,350283055.3333333,108038.0,223,231,69,84,78,253,707,9574,0.07384583246292041
simplejson_4_0_0,9ab7015672e1450f43d8af039092a939c6978d33,0,332218687.5,108038.0,223,231,69,84,78,253,707,9574,0.07384583246292041
simplejson_3_20_2,fb6b1064333a5ae0e57a5e7600b250d33a8ac2f5,0,800255472.0,213883.0,552,545,191,178,176,511,1608,21423,0.07505951547402324
simplejson_4_0_0,fb6b1064333a5ae0e57a5e7600b250d33a8ac2f5,0,784077298.5,213883.0,552,545,191,178,176,511,1608,21423,0.07505951547402324
simplejson_3_20_2,30f5aeb732e7d32df678b70b9b46a0130abdd1bf,0,810832041.6666666,215283.0,531,544,176,184,184,528,1603,21614,0.0741648931248265
simplejson_4_0_0,30f5aeb732e7d32df678b70b9b46a0130abdd1bf,0,770277319.6666666,215283.0,531,544,176,184,184,528,1603,21614,0.0741648931248265
simplejson_3_20_2,af235e8f952d87360a00f08230b94c77add8d9da,0,565498486.0,122995.0,349,434,155,138,141,367,1150,15453,0.07441920662654501
simplejson_4_0_0,af235e8f952d87360a00f08230b94c77add8d9da,0,528539527.6666667,122995.0,349,434,155,138,141,367,1150,15453,0.07441920662654501
simplejson_3_20_2,f61b57c0006a2e2ed0d01b4cd4c7141ba5d409cd,0,352738375.0,108012.0,222,232,70,84,78,253,707,9576,0.07383040935672515
simplejson_4_0_0,f61b57c0006a2e2ed0d01b4cd4c7141ba5d409cd,0,325299041.3333333,108012.0,222,232,70,84,78,253,707,9576,0.07383040935672515
simplejson_3_20_2,8399bae7849227236ded0d95db697e914290010a,0,1224931014.0,254191.0,825,851,292,275,284,759,2435,32544,0.07482177974434612
simplejson_4_0_0,8399bae7849227236ded0d95db697e914290010a,0,1152963305.6666667,254191.0,825,851,292,275,284,759,2435,32544,0.07482177974434612
simplejson_3_20_2,cc583a21f4995c47d6dc3954e4e438e6c4ab2dad,0,1118357736.0,239062.0,733,718,265,234,219,723,2174,29168,0.07453373560065825
simplejson_4_0_0,cc583a21f4995c47d6dc3954e4e438e6c4ab2dad,0,1039564944.3333334,239062.0,733,718,265,234,219,723,2174,29168,0.07453373560065825
simplejson_3_20_2,cde8d81d87d89ce7223abb71594e9c771cf279f0,0,1471540930.6666667,430182.0,958,945,309,318,318,963,2866,38384,0.07466652771988329
simplejson_4_0_0,cde8d81d87d89ce7223abb71594e9c771cf279f0,0,1388714444.6666667,430182.0,958,945,309,318,318,963,2866,38384,0.07466652771988329
simplejson_3_20_2,91b43d04116f5789da17d6dfcbf815656d4353e8,0,1048242611.0,234669.0,680,703,228,239,236,698,2081,28137,0.07395955503429648
simplejson_4_0_0,91b43d04116f5789da17d6dfcbf815656d4353e8,0,1028378784.5,234669.0,680,703,228,239,236,698,2081,28137,0.07395955503429648
simplejson_3_20_2,b7f01360810896c111d4441960f8bed2675085d0,0,1260702833.3333333,257324.0,861,832,287,293,252,794,2487,33186,0.07494124028204664
simplejson_4_0_0,b7f01360810896c111d4441960f8bed2675085d0,0,1191790847.3333333,257324.0,861,832,287,293,252,794,2487,33186,0.07494124028204664
simplejson_3_20_2,973b35730dd597090a8cb734547e5802b37fcb04,0,1411687611.3333333,432684.0,884,900,299,310,291,962,2746,37291,0.07363707060684883
simplejson_4_0_0,973b35730dd597090a8cb734547e5802b37fcb04,0,1351139541.3333333,432684.0,884,900,299,310,291,962,2746,37291,0.07363707060684883
simplejson_3_20_2,7a1c61adbccd31d633aa36c2919ef0b518fa492f,0,1255513444.3333333,257296.0,861,832,287,293,252,794,2487,33181,0.07495253307615804
simplejson_4_0_0,7a1c61adbccd31d633aa36c2919ef0b518fa492f,0,1197188542.0,257296.0,861,832,287,293,252,794,2487,33181,0.07495253307615804
simplejson_3_20_2,83051ea0993fd33ca9b6b48842776c164509efe7,0,1489222513.6666667,430154.0,958,945,309,318,318,963,2866,38382,0.07467041842530353
simplejson_4_0_0,83051ea0993fd33ca9b6b48842776c164509efe7,0,1399036986.0,430154.0,958,945,309,318,318,963,2866,38382,0.07467041842530353
simplejson_3_20_2,f3713582402182df50ca069f9c6801aa990cd422,0,1226479902.6666667,254191.0,825,851,293,274,284,759,2435,32545,0.07481948071900446
simplejson_4_0_0,f3713582402182df50ca069f9c6801aa990cd422,0,1149358903.0,254191.0,825,851,293,274,284,759,2435,32545,0.07481948071900446
simplejson_3_20_2,590d5dfce92c511037081c4f5877465e964b3227,0,1095743930.6666667,239062.0,733,718,264,235,219,723,2174,29167,0.07453629101381698
simplejson_4_0_0,590d5dfce92c511037081c4f5877465e964b3227,0,1037621861.3333334,239062.0,733,718,264,235,219,723,2174,29167,0.07453629101381698
simplejson_3_20_2,cdd1af97f6cff97bfd578b324b59fcafadbbb8d9,0,1103727944.3333333,239011.0,733,719,265,235,219,722,2174,29160,0.07455418381344307
simplejson_4_0_0,cdd1af97f6cff97bfd578b324b59fcafadbbb8d9,0,1079886177.0,239011.0,733,719,265,235,219,722,2174,29160,0.07455418381344307
simplejson_3_20_2,5723e8b9b2d4c4ee1cb2be35828944ebcf319950,0,1228895708.3333333,254139.0,825,852,293,275,284,758,2435,32536,0.07484017703466929
simplejson_4_0_0,5723e8b9b2d4c4ee1cb2be35828944ebcf319950,0,1193193966.8,254139.0,825,852,293,275,284,758,2435,32536,0.07484017703466929
simplejson_3_20_2,d5f4f38b5c4a26a90d8b8586cc6462ed9250224f,0,1403024000.3333333,432684.0,884,900,299,310,291,962,2746,37291,0.07363707060684883
simplejson_4_0_0,d5f4f38b5c4a26a90d8b8586cc6462ed9250224f,0,1350503777.6666667,432684.0,884,900,299,310,291,962,2746,37291,0.07363707060684883
simplejson_3_20_2,6d319fac438cac4c7ea373f4ac25a9040105b4cf,0,1235660139.0,254163.0,824,851,292,275,284,760,2435,32542,0.07482637821891709
simplejson_4_0_0,6d319fac438cac4c7ea373f4ac25a9040105b4cf,0,1156358667.3333333,254163.0,824,851,292,275,284,760,2435,32542,0.07482637821891709
simplejson_3_20_2,b992525b84bb37fd7b30181fa247f0d67526f4a3,0,1228261902.6666667,254188.0,824,852,292,275,285,759,2435,32544,0.07482177974434612
simplejson_4_0_0,b992525b84bb37fd7b30181fa247f0d67526f4a3,0,1170455385.5,254188.0,824,852,292,275,285,759,2435,32544,0.07482177974434612
simplejson_3_20_2,e6e2f5555cf657e575b6840bac7cab49f399506a,0,1114640708.6666667,239056.0,733,719,265,235,219,722,2174,29164,0.0745439583047593
simplejson_4_0_0,e6e2f5555cf657e575b6840bac7cab49f399506a,0,1041241583.0,239056.0,733,719,265,235,219,722,2174,29164,0.0745439583047593
simplejson_3_20_2,3531db8db3e88329ad4ce5b73206d416dca6a059,0,1239552583.0,254139.0,826,851,293,274,284,758,2435,32533,0.07484707835121261
simplejson_4_0_0,3531db8db3e88329ad4ce5b73206d416dca6a059,0,1150971625.3333333,254139.0,826,851,293,274,284,758,2435,32533,0.07484707835121261
